ID,Nama,Jenis_Kelamin,Prodi,Status,Nilai_Akhir,Tanggal_Ujian,Umur
MH063,4,1,0,1,3,2020-06-11,25.0
MH041,6,0,3,2,2,2021-03-26,22.0
MH096,0,0,2,3,2,2021-04-14,20.0
MH019,5,1,1,2,2,2020-09-19,25.0
MH098,4,1,0,0,0,2022-01-29,22.0
MH085,6,0,2,1,2,2021-03-20,23.0
MH065,9,0,0,1,1,2022-08-14,25.0
MH043,7,1,3,1,2,2020-04-12,21.0
MH011,9,1,1,3,4,2020-10-10,26.0
MH001,8,0,3,0,2,2020-04-13,23.0
MH032,0,0,3,0,2,2022-08-25,29.0
MH077,7,0,2,0,4,2022-08-17,24.0
MH048,5,0,2,2,3,2020-10-14,19.0
MH027,7,1,1,2,2,2020-05-10,26.0
MH045,5,0,3,3,0,2022-07-07,18.0
MH005,9,1,0,0,2,2020-01-05,26.0
MH023,1,0,3,1,1,2020-09-03,27.0
MH013,1,1,3,0,3,2021-02-19,23.0
MH089,6,1,2,0,3,2022-12-11,30.0
MH074,0,0,3,0,3,2020-03-07,23.0
